round,agent,move,thought
1,Alice,Cooperate,"To determine my next move in this repeated Prisoner's Dilemma game, I'll consider the following factors:

1. **Historical Context**: In a repeated Prisoner's Dilemma, the history of previous interactions greatly influences future actions. Cooperation can lead to mutually beneficial outcomes, while defection might minimize short-term losses or maximize gains at the expense of long-term cooperation.

2. **Tit-for-Tat Strategy**: A common strategy in repeated games is tit-for-tat, where players initially cooperate and then simply mimic their opponent's previous move. This strategy fosters cooperation if both players are inclined to follow it.

3. **Reputation and Trust**: If my opponent has a history of cooperation, it's advantageous to continue cooperating to maintain a trusting relationship. Defection should be considered if the opponent has a history of defection, as this can protect against exploitation.

4. **Long-Term Payoffs vs. Short-Term Gains**: Cooperation can lead to better long-term outcomes if both parties commit to it. However, if my opponent frequently defects, maintaining cooperation may result in consistent losses.

5. **Game Dynamics**: If there is potential for an infinite or indefinite series of interactions, maintaining cooperation could be more beneficial. In contrast, if the game is nearing the end or has a set end point, defection might be more tempting.

Based on these considerations, my decision is:

Cooperate"
1,Bob,Cooperate,"Okay, let's think through this step-by-step:

1. We're in a repeated Prisoner's Dilemma game, so my choices now can impact the outcomes of future rounds. Building trust and cooperation over the long run is important.

2. You didn't specify the other player's previous moves, so I don't have a history to analyze in making my decision. I'll have to decide based on general principles.

3. One key consideration is that if we both cooperate, we'll get the highest total payout over time. Mutual cooperation is the best long-term outcome.

4. However, on any individual turn, defecting is the ""rational"" choice in terms of maximizing my own payout regardless of what the other player does. So there's always a temptation to defect.

5. If I cooperate and the other player defects, I'll lose out on that particular turn. But if I defect, it could undermine trust and lead to a cycle of mutual defection and lower payouts.

6. The iterated Prisoner's Dilemma tends to reward a ""tit for tat"" strategy - start out cooperating, then mirror the other player's previous move on subsequent turns. This encourages cooperation while protecting against exploitation.

7. Since we're at the start of the game, I think the best move is to begin by cooperating, in order to establish a pattern of mutual cooperation if the other player is willing. I can then adjust my strategy in response to their choices.

Therefore, my decision is to Cooperate on this turn. Hopefully this will lead to ongoing cooperation and the best outcomes for both of us over the course of the game."
2,Alice,Cooperate,"Sure, let's think through the decision-making process for the repeated Prisoner's Dilemma:

1. **Understand the Game:** In the Prisoner's Dilemma, two players can either ""Cooperate"" or ""Defect"". Cooperation leads to mutual benefit, while defection can lead to a higher payoff for one at the expense of the other.

2. **Assess the History:** In a repeated game, the history of previous rounds plays a significant role in shaping strategy. If both players have consistently cooperated, it builds trust and suggests a stable mutual benefit strategy. If there's a history of defection, retaliation, or inconsistent strategies, it may influence the decision towards defection.

3. **Consider Long-term Payoffs:** Repeated interactions often make cooperation more appealing, as mutually beneficial outcomes can accumulate over time. Achieving a stable “Cooperate” equilibrium leads to better long-term results for both players compared to the short-term gains of unilateral defection.

4. **Predict Opponent's Move:** Understanding the opponent's strategy is critical. If they are likely to cooperate, cooperation maximizes joint payoffs. If they're likely to defect or have done so in the past, defection can protect against losses.

5. **Strategy Evaluation:** Common strategies include Tit-for-Tat (replicating the opponent’s last move), Grim Trigger (cooperate until the opponent defects, then defect permanently), and Generous strategies (cooperate often, but occasionally forgive defection).

6. **My Move:** Given that repeated cooperation fosters trust and yields the best cumulative results, and assuming a history of cooperation from both sides or a typical Tit-for-Tat approach, it’s generally beneficial to maintain cooperation to encourage continued collaboration.

Considering these points and assuming a history of mutual cooperation or a strategy like Tit-for-Tat is in action:

Decision: Cooperate"
2,Bob,Cooperate,"Okay, let's think through this step-by-step:

1. In the previous round, both I and the other player chose to cooperate. This is the ideal outcome in a repeated Prisoner's Dilemma, as it maximizes the total payoff over time if we can maintain mutual cooperation.

2. Since the other player cooperated last time, it suggests they may be using a cooperative strategy. If I cooperate again, and they reciprocate, we can achieve the optimal long-term outcome. 

3. However, there's always a risk they could defect this time to try to get a higher short-term payoff. If I cooperate and they defect, I would get the ""sucker's payoff"".

4. That said, in a repeated game, even if they defect now, I would have future opportunities to ""punish"" that defection by defecting myself in future rounds. This threat of future punishment can help sustain cooperation over time.

5. Moreover, if I defect now after they cooperated last time, it could undermine the mutual trust and send us down a path of both players defecting in future rounds, leading to worse long-term payoffs.

6. On balance, given the long-term nature of the interaction, I think the best move is to continue cooperating to try to sustain the mutually beneficial outcome. If the other player defects, I can always adjust my strategy later.

Therefore, my decision is: Cooperate."
3,Alice,Cooperate,"Step 1: Consider the history of the game. If there has been a history of mutual cooperation, there's a higher incentive to maintain cooperation to ensure mutual benefit continues.

Step 2: Assess recent interactions. If the other player has recently cooperated in most instances, it indicates their willingness to maintain a cooperative relationship.

Step 3: Evaluate the benefits of cooperation vs. defection. Cooperation typically leads to a positive long-term outcome for both players, while defection could yield a short-term gain but can harm future interactions if it breaks trust.

Step 4: Consider the consequences of defection. If I defect and the other player cooperates, I gain more in that round, but it might lead to the breakdown of cooperation in subsequent rounds, reducing overall long-term benefit.

Step 5: Given that maintaining cooperation historically has led to the best outcomes in repeated encounters, and assuming the mutual interest in continuing a positive relationship, it is in my best interest to sustain the current state of trust.

Decision: Cooperate"
3,Bob,Cooperate,"Based on the history so far, it appears that Alice and I have established a pattern of mutual cooperation. This is the optimal long-term strategy in a repeated Prisoner's Dilemma, as it maximizes the total payoff for both players over time.

If I continue to cooperate, and Alice does the same, we can maintain this beneficial equilibrium. There is always a risk that Alice could defect and take advantage of my cooperation in the short term. However, that would likely destroy the trust between us and lead to a cycle of mutual defection and lower payoffs going forward.

Given that Alice has shown a commitment to cooperation up to this point, I believe the odds are good that she will continue cooperating if I do. The long-term benefits of maintaining our cooperative relationship outweigh the potential short-term gain I could get by defecting.

Therefore, I think the best move is to continue demonstrating my own commitment to cooperation, in order to preserve this positive dynamic into the future. If Alice ever starts to defect consistently, I can re-evaluate, but for now I will assume she remains a cooperative partner.

My decision is to Cooperate."
4,Alice,Cooperate,"To determine my next move in this repeated Prisoner's Dilemma game, it is important to consider the history and potential strategies that could be beneficial in the long run.

1. **Historical Patterns**: In repeated games, cooperation can often lead to mutually beneficial outcomes. If both players have cooperated consistently, it builds trust and maximizes payoffs over time.

2. **Retaliation and Forgiveness**: If the other player defected in the previous round, it might be tempting to defect as well. However, maintaining a cycle of retaliation can lead to diminished returns for both. Forgiveness after a single defection can restore cooperation.

3. **Tit-for-Tat Consideration**: A Tit-for-Tat strategy, where one mirrors the other player's last move, often proves successful. If the other player defected, I might consider defecting to signal the need for cooperation. However, if they cooperated, continuing to cooperate likely yields the best outcome.

4. **Opponent's Strategy Assessment**: If the opponent generally cooperates unless provoked by a defection, continuing to cooperate is advisable. If they are unpredictable, further observation might be needed before making adjustments.

5. **End-of-Game Scenarios**: In the end stages of a game, players might be more inclined to defect for short-term gain. If this isn't the final round, emphasizing long-term cooperation could safeguard future interactions.

Given these considerations, if the immediate history shows a cooperative pattern from the other player and I seek to maximize long-term benefits, the rational decision would be:

Cooperate"
4,Bob,Cooperate,"Based on the history so far, it seems that both Alice and I have been consistently cooperating. This is a good sign that we have established a pattern of mutual cooperation.

If I continue to cooperate, there are a few potential outcomes:
1. Alice continues cooperating, and we both benefit from the rewards of mutual cooperation in the long run.
2. Alice defects, taking advantage of my cooperation. In this case, I would lose out in this single round.

On the other hand, if I choose to defect:
1. If Alice cooperates, I would gain a higher payoff in this round at Alice's expense. However, this risks damaging the trust we've built and potentially leading to a cycle of mutual defection.
2. If Alice also defects, we both receive lower payoffs than if we had cooperated.

Considering the long-term perspective, I believe the best course of action is to continue cooperating. This maintains the trust and goodwill we've established, and if Alice reciprocates, we can both benefit from the long-term rewards of mutual cooperation. A single round of taking advantage is not worth risking the potential for a sustained cooperative relationship.

Therefore, I choose to Cooperate."
5,Alice,Cooperate,"In the final round of the Prisoner's Dilemma, the standard strategy is often to defect, and here's why:

1. **Last Round Logic**: In a repeated Prisoner's Dilemma, cooperation can be sustained through strategies like Tit for Tat, as neither player wants to defect early and provoke retaliation in future rounds. However, in the last round, there is no future to worry about, so the incentive to maintain cooperation vanishes.

2. **Payoff Structure**: The payoff matrix typically provides a higher reward for defecting if the other player cooperates. If I defect while the other party cooperates, I receive the maximum payoff. If both defect, the payoff is still better than if I cooperate and the other defects.

3. **Opponent's Likely Strategy**: My opponent also understands it's the last round and faces the same decision. Rational opponents are likely to defect, anticipating that cooperation is not sustainable without future rounds as leverage.

4. **Maximizing Payoff**: Since both players are incentivized to maximize their own payoff in the last round, defecting is the dominant strategy regardless of the opponent's action.

Based on these points, the optimal decision to maximize my final payoff is:
Defect."
5,Bob,Cooperate,"Okay, let's think this through step by step since it's the last round:

1. If I cooperate and my opponent also cooperates, we each get a moderate payoff. This would be a nice, friendly way to end the game.

2. If I cooperate but my opponent defects, I get the ""sucker's payoff"" which is very low, while they get the temptation payoff which is very high. I'd feel betrayed if they did this on the last round after we cooperated up until now. 

3. If I defect and they cooperate, I get the high temptation payoff while they are the ""sucker"" with a low payoff. It would maximize my own final payoff, but it wouldn't be very nice to betray their trust on the last round like that.

4. If we both defect, we each get a low payoff. Neither of us wins much, but at least I protect myself from being the sucker.

5. Since this is the last round, there are no future implications to consider. My opponent can't retaliate against me later on for defecting now.

6. Throughout the game, my opponent has always cooperated, showing a clear pattern of trust and cooperation between us. Suddenly defecting on the last round would be a breach of that trust.

7. My goal is to maximize my own final payoff, but I also value being honest and upholding my principles. Betraying my opponent's trust on the last round for a one-time gain goes against my values.

After careful consideration, I have decided that I will Cooperate on this final round. While defecting could get me a higher payoff, I place more value on ending the game on a good note, being true to the cooperative relationship we've built, and upholding my own ethical standards. I hope and expect my opponent will also cooperate so we both end with a solid, mutually beneficial outcome."

Final scores: {'Alice': 15, 'Bob': 15}
Agent1: Alice (openai/gpt-4o)
Agent2: Bob (anthropic/claude-3-opus)
